Date,GPRD,GPRD_MA7
2022-01-01 00:00:00-0500,"63,10","72,33"
2022-01-02 00:00:00-0500,"37,86","71,49"
2022-01-03 00:00:00-0500,"52,34","67,70"
2022-01-04 00:00:00-0500,"88,96","72,00"
2022-01-05 00:00:00-0500,"96,48","80,37"
2022-01-06 00:00:00-0500,"70,01","69,34"
2022-01-07 00:00:00-0500,"118,96","75,39"
2022-01-08 00:00:00-0500,"38,28","71,84"
2022-01-09 00:00:00-0500,"63,70","75,53"
2022-01-10 00:00:00-0500,"130,01","86,63"
2022-01-11 00:00:00-0500,"188,91","100,91"
2022-01-12 00:00:00-0500,"78,21","98,30"
2022-01-13 00:00:00-0500,"170,65","112,67"
2022-01-14 00:00:00-0500,"133,57","114,76"
2022-01-15 00:00:00-0500,"71,06","119,44"
2022-01-16 00:00:00-0500,"46,01","116,92"
2022-01-17 00:00:00-0500,"109,27","113,95"
2022-01-18 00:00:00-0500,"138,82","106,80"
2022-01-19 00:00:00-0500,"153,56","117,56"
2022-01-20 00:00:00-0500,"136,37","112,67"
2022-01-21 00:00:00-0500,"185,75","120,12"
2022-01-22 00:00:00-0500,"145,81","130,80"
2022-01-23 00:00:00-0500,"106,86","139,49"
2022-01-24 00:00:00-0500,"185,80","150,43"
2022-01-25 00:00:00-0500,"291,58","172,25"
2022-01-26 00:00:00-0500,"260,34","187,50"
2022-01-27 00:00:00-0500,"265,01","205,88"
2022-01-28 00:00:00-0500,"182,23","205,38"
2022-01-29 00:00:00-0500,"217,44","215,61"
2022-01-30 00:00:00-0500,"63,53","209,42"
2022-01-31 00:00:00-0500,"142,99","203,30"
2022-02-01 00:00:00-0500,"190,59","188,87"
2022-02-02 00:00:00-0500,"250,32","187,44"
2022-02-03 00:00:00-0500,"176,29","174,77"
2022-02-04 00:00:00-0500,"92,57","161,96"
2022-02-05 00:00:00-0500,"47,57","137,69"
2022-02-06 00:00:00-0500,"78,25","139,80"
2022-02-07 00:00:00-0500,"195,15","147,25"
2022-02-08 00:00:00-0500,"158,39","142,65"
2022-02-09 00:00:00-0500,"117,18","123,63"
2022-02-10 00:00:00-0500,"108,54","113,95"
2022-02-11 00:00:00-0500,"179,28","126,34"
2022-02-12 00:00:00-0500,"131,99","138,40"
2022-02-13 00:00:00-0500,"118,00","144,08"
2022-02-14 00:00:00-0500,"191,89","143,61"
2022-02-15 00:00:00-0500,"229,06","153,70"
2022-02-16 00:00:00-0500,"223,47","168,89"
2022-02-17 00:00:00-0500,"228,45","186,02"
2022-02-18 00:00:00-0500,"226,35","192,74"
2022-02-19 00:00:00-0500,"140,16","193,91"
2022-02-20 00:00:00-0500,"83,28","188,95"
2022-02-21 00:00:00-0500,"152,37","183,31"
2022-02-22 00:00:00-0500,"279,43","190,50"
2022-02-23 00:00:00-0500,"431,02","220,15"
2022-02-24 00:00:00-0500,"370,70","240,47"
2022-02-25 00:00:00-0500,"515,89","281,84"
2022-02-26 00:00:00-0500,"398,59","318,76"
2022-02-27 00:00:00-0500,"202,09","335,73"
2022-02-28 00:00:00-0500,"452,62","378,62"
2022-03-01 00:00:00-0500,"540,83","415,96"
2022-03-02 00:00:00-0500,"523,52","429,18"
2022-03-03 00:00:00-0500,"436,82","438,62"
2022-03-04 00:00:00-0500,"350,07","414,94"
2022-03-05 00:00:00-0500,"322,36","404,05"
2022-03-06 00:00:00-0500,"197,62","403,41"
2022-03-07 00:00:00-0500,"362,31","390,51"
2022-03-08 00:00:00-0500,"352,11","363,55"
2022-03-09 00:00:00-0500,"295,31","330,94"
2022-03-10 00:00:00-0500,"352,40","318,88"
2022-03-11 00:00:00-0500,"410,33","327,49"
2022-03-12 00:00:00-0500,"298,71","324,11"
2022-03-13 00:00:00-0500,"181,01","321,74"
2022-03-14 00:00:00-0500,"350,11","320,00"
2022-03-15 00:00:00-0500,"311,88","314,25"
2022-03-16 00:00:00-0500,"473,22","339,67"
2022-03-17 00:00:00-0500,"290,33","330,80"
2022-03-18 00:00:00-0500,"285,32","312,94"
2022-03-19 00:00:00-0500,"175,89","295,39"
2022-03-20 00:00:00-0500,"130,76","288,21"
2022-03-21 00:00:00-0500,"227,74","270,73"
2022-03-22 00:00:00-0500,"244,84","261,16"
2022-03-23 00:00:00-0500,"267,47","231,76"
2022-03-24 00:00:00-0500,"317,01","235,58"
2022-03-25 00:00:00-0500,"350,74","244,92"
2022-03-26 00:00:00-0500,"275,09","259,09"
2022-03-27 00:00:00-0500,"189,29","267,46"
2022-03-28 00:00:00-0500,"281,92","275,20"
2022-03-29 00:00:00-0500,"233,36","273,56"
2022-03-30 00:00:00-0500,"233,51","268,70"
2022-03-31 00:00:00-0500,"254,81","259,82"
2022-04-01 00:00:00-0500,"188,16","236,59"
2022-04-02 00:00:00-0500,"188,16","224,17"
2022-04-03 00:00:00-0500,"239,78","231,39"
2022-04-04 00:00:00-0500,"163,02","214,40"
2022-04-05 00:00:00-0500,"212,42","211,41"
2022-04-06 00:00:00-0500,"175,75","203,16"
2022-04-07 00:00:00-0500,"243,42","201,53"
2022-04-08 00:00:00-0500,"219,48","206,00"
2022-04-09 00:00:00-0500,"178,67","204,65"
2022-04-10 00:00:00-0500,"148,98","191,67"
2022-04-11 00:00:00-0500,"195,23","196,28"
2022-04-12 00:00:00-0500,"226,25","198,25"
2022-04-13 00:00:00-0500,"258,88","210,13"
2022-04-14 00:00:00-0500,"265,66","213,30"
2022-04-15 00:00:00-0500,"168,44","206,01"
2022-04-16 00:00:00-0500,"166,67","204,30"
2022-04-17 00:00:00-0500,"151,43","204,65"
2022-04-18 00:00:00-0500,"218,63","207,99"
2022-04-19 00:00:00-0500,"213,52","206,17"
2022-04-20 00:00:00-0500,"189,61","196,28"
2022-04-21 00:00:00-0500,"128,26","176,65"
2022-04-22 00:00:00-0500,"246,80","187,85"
2022-04-23 00:00:00-0500,"134,42","183,24"
2022-04-24 00:00:00-0500,"50,45","168,81"
2022-04-25 00:00:00-0500,"246,90","172,85"
2022-04-26 00:00:00-0500,"160,54","165,28"
2022-04-27 00:00:00-0500,"186,70","164,87"
2022-04-28 00:00:00-0500,"176,38","171,74"
2022-04-29 00:00:00-0500,"148,94","157,76"
2022-04-30 00:00:00-0500,"168,44","162,62"
2022-05-01 00:00:00-0500,"66,92","164,97"
2022-05-02 00:00:00-0500,"96,67","143,51"
2022-05-03 00:00:00-0500,"157,47","143,07"
2022-05-04 00:00:00-0500,"163,45","139,75"
2022-05-05 00:00:00-0500,"144,70","135,23"
2022-05-06 00:00:00-0500,"174,07","138,82"
2022-05-07 00:00:00-0500,"97,72","128,71"
2022-05-08 00:00:00-0500,"98,48","133,22"
2022-05-09 00:00:00-0500,"150,87","140,97"
2022-05-10 00:00:00-0500,"143,25","138,93"
2022-05-11 00:00:00-0500,"176,38","140,78"
2022-05-12 00:00:00-0500,"158,26","142,72"
2022-05-13 00:00:00-0500,"162,08","141,00"
2022-05-14 00:00:00-0500,"83,80","139,02"
2022-05-15 00:00:00-0500,"77,84","136,07"
2022-05-16 00:00:00-0500,"168,75","138,62"
2022-05-17 00:00:00-0500,"174,62","143,11"
2022-05-18 00:00:00-0500,"165,90","141,61"
2022-05-19 00:00:00-0500,"162,38","142,20"
2022-05-20 00:00:00-0500,"140,96","139,18"
2022-05-21 00:00:00-0500,"124,22","144,95"
2022-05-22 00:00:00-0500,"75,10","144,56"
2022-05-23 00:00:00-0500,"150,31","141,93"
2022-05-24 00:00:00-0500,"222,36","148,75"
2022-05-25 00:00:00-0500,"155,10","147,20"
2022-05-26 00:00:00-0500,"134,57","143,23"
2022-05-27 00:00:00-0500,"155,52","145,31"
2022-05-28 00:00:00-0500,"118,48","144,49"
2022-05-29 00:00:00-0500,"76,05","144,63"
2022-05-30 00:00:00-0500,"115,82","139,70"
2022-05-31 00:00:00-0500,"190,31","135,12"
2022-06-01 00:00:00-0500,"168,34","137,01"
2022-06-02 00:00:00-0500,"142,59","138,16"
2022-06-03 00:00:00-0500,"142,78","136,34"
2022-06-04 00:00:00-0500,"102,87","134,11"
2022-06-05 00:00:00-0500,"70,29","133,29"
2022-06-06 00:00:00-0500,"190,13","143,90"
2022-06-07 00:00:00-0500,"139,03","136,58"
2022-06-08 00:00:00-0500,"152,37","134,30"
2022-06-09 00:00:00-0500,"115,55","130,43"
2022-06-10 00:00:00-0500,"94,35","123,51"
2022-06-11 00:00:00-0500,"103,96","123,67"
2022-06-12 00:00:00-0500,"83,74","125,59"
2022-06-13 00:00:00-0500,"147,23","119,46"
2022-06-14 00:00:00-0500,"136,37","119,08"
2022-06-15 00:00:00-0500,"110,05","113,04"
2022-06-16 00:00:00-0500,"132,28","115,43"
2022-06-17 00:00:00-0500,"114,05","118,24"
2022-06-18 00:00:00-0500,"98,12","117,40"
2022-06-19 00:00:00-0500,"56,46","113,51"
2022-06-20 00:00:00-0500,"115,72","109,01"
2022-06-21 00:00:00-0500,"116,77","106,21"
2022-06-22 00:00:00-0500,"121,32","107,82"
2022-06-23 00:00:00-0500,"143,56","109,43"
2022-06-24 00:00:00-0500,"149,36","114,47"
2022-06-25 00:00:00-0500,"123,24","118,06"
2022-06-26 00:00:00-0500,"75,86","120,83"
2022-06-27 00:00:00-0500,"132,00","123,16"
2022-06-28 00:00:00-0500,"200,76","135,16"
2022-06-29 00:00:00-0500,"181,89","143,81"
2022-06-30 00:00:00-0500,"173,21","148,04"
2022-07-01 00:00:00-0500,"119,08","143,72"
2022-07-02 00:00:00-0500,"60,23","134,72"
2022-07-03 00:00:00-0500,"30,21","128,20"
2022-07-04 00:00:00-0500,"80,44","120,83"
2022-07-05 00:00:00-0500,"109,65","107,81"
2022-07-06 00:00:00-0500,"138,99","101,69"
2022-07-07 00:00:00-0500,"88,63","89,60"
2022-07-08 00:00:00-0500,"110,42","88,37"
2022-07-09 00:00:00-0500,"70,48","89,83"
2022-07-10 00:00:00-0500,"38,52","91,02"
2022-07-11 00:00:00-0500,"112,85","95,65"
2022-07-12 00:00:00-0500,"113,64","96,22"
2022-07-13 00:00:00-0500,"182,87","102,49"
2022-07-14 00:00:00-0500,"165,35","113,45"
2022-07-15 00:00:00-0500,"192,03","125,11"
2022-07-16 00:00:00-0500,"102,60","129,70"
2022-07-17 00:00:00-0500,"107,43","139,54"
2022-07-18 00:00:00-0500,"128,71","141,81"
2022-07-19 00:00:00-0500,"151,08","147,15"
2022-07-20 00:00:00-0500,"149,56","142,40"
2022-07-21 00:00:00-0500,"117,51","135,56"
2022-07-22 00:00:00-0500,"125,48","126,05"
2022-07-23 00:00:00-0500,"109,92","127,10"
2022-07-24 00:00:00-0500,"89,26","124,50"
2022-07-25 00:00:00-0500,"109,56","121,77"
2022-07-26 00:00:00-0500,"160,86","123,16"
2022-07-27 00:00:00-0500,"145,54","122,59"
2022-07-28 00:00:00-0500,"106,68","121,04"
2022-07-29 00:00:00-0500,"68,25","112,87"
2022-07-30 00:00:00-0500,"119,98","114,31"
2022-07-31 00:00:00-0500,"125,18","119,44"
2022-08-01 00:00:00-0500,"130,93","122,49"
2022-08-02 00:00:00-0500,"204,48","128,72"
2022-08-03 00:00:00-0500,"210,23","137,96"
2022-08-04 00:00:00-0500,"212,05","153,02"
2022-08-05 00:00:00-0500,"163,93","166,68"
2022-08-06 00:00:00-0500,"138,23","169,29"
2022-08-07 00:00:00-0500,"111,04","167,27"
2022-08-08 00:00:00-0500,"149,10","169,87"
2022-08-09 00:00:00-0500,"212,57","171,02"
2022-08-10 00:00:00-0500,"80,65","152,51"
2022-08-11 00:00:00-0500,"130,27","140,83"
2022-08-12 00:00:00-0500,"182,54","143,49"
2022-08-13 00:00:00-0500,"112,02","139,74"
2022-08-14 00:00:00-0500,"120,09","141,03"
2022-08-15 00:00:00-0500,"110,42","135,51"
2022-08-16 00:00:00-0500,"96,54","118,93"
2022-08-17 00:00:00-0500,"156,09","129,71"
2022-08-18 00:00:00-0500,"100,74","125,49"
2022-08-19 00:00:00-0500,"117,68","116,23"
2022-08-20 00:00:00-0500,"81,54","111,87"
2022-08-21 00:00:00-0500,"122,69","112,24"
2022-08-22 00:00:00-0500,"101,73","111,00"
2022-08-23 00:00:00-0500,"145,34","117,97"
2022-08-24 00:00:00-0500,"102,45","110,31"
2022-08-25 00:00:00-0500,"149,12","117,22"
2022-08-26 00:00:00-0500,"108,25","115,87"
2022-08-27 00:00:00-0500,"81,79","115,91"
2022-08-28 00:00:00-0500,"103,81","113,21"
2022-08-29 00:00:00-0500,"120,46","115,89"
2022-08-30 00:00:00-0500,"115,27","111,59"
2022-08-31 00:00:00-0500,"97,75","110,92"
2022-09-01 00:00:00-0500,"187,71","116,44"
2022-09-02 00:00:00-0500,"84,13","112,99"
2022-09-03 00:00:00-0500,"117,78","118,13"
2022-09-04 00:00:00-0500,"65,92","112,72"
2022-09-05 00:00:00-0500,"83,96","107,50"
2022-09-06 00:00:00-0500,"119,16","108,06"
2022-09-07 00:00:00-0500,"124,29","111,85"
2022-09-08 00:00:00-0500,"99,43","99,24"
2022-09-09 00:00:00-0500,"94,33","100,69"
2022-09-10 00:00:00-0500,"81,92","95,57"
2022-09-11 00:00:00-0500,"66,75","95,69"
2022-09-12 00:00:00-0500,"111,96","99,69"
2022-09-13 00:00:00-0500,"132,26","101,56"
2022-09-14 00:00:00-0500,"202,93","112,80"
2022-09-15 00:00:00-0500,"95,61","112,25"
2022-09-16 00:00:00-0500,"127,41","116,98"
2022-09-17 00:00:00-0500,"119,16","122,30"
2022-09-18 00:00:00-0500,"71,24","122,94"
2022-09-19 00:00:00-0500,"122,18","124,40"
2022-09-20 00:00:00-0500,"109,77","121,19"
2022-09-21 00:00:00-0500,"189,75","119,30"
2022-09-22 00:00:00-0500,"225,86","137,91"
2022-09-23 00:00:00-0500,"187,80","146,54"
2022-09-24 00:00:00-0500,"108,02","144,95"
2022-09-25 00:00:00-0500,"71,05","144,92"
2022-09-26 00:00:00-0500,"163,02","150,75"
2022-09-27 00:00:00-0500,"155,89","157,34"
2022-09-28 00:00:00-0500,"202,59","159,17"
2022-09-29 00:00:00-0500,"156,94","149,33"
2022-09-30 00:00:00-0500,"162,74","145,75"
2022-10-01 00:00:00-0500,"154,97","152,46"
2022-10-02 00:00:00-0500,"120,60","159,54"
2022-10-03 00:00:00-0500,"123,90","153,95"
2022-10-04 00:00:00-0500,"164,21","155,14"
2022-10-05 00:00:00-0500,"171,15","150,65"
2022-10-06 00:00:00-0500,"202,70","157,18"
2022-10-07 00:00:00-0500,"144,24","154,54"
2022-10-08 00:00:00-0500,"132,69","151,36"
2022-10-09 00:00:00-0500,"97,95","148,12"
2022-10-10 00:00:00-0500,"193,34","158,04"
2022-10-11 00:00:00-0500,"228,25","167,19"
2022-10-12 00:00:00-0500,"181,95","168,73"
2022-10-13 00:00:00-0500,"133,84","158,90"
2022-10-14 00:00:00-0500,"147,23","159,32"
2022-10-15 00:00:00-0500,"92,42","153,57"
2022-10-16 00:00:00-0500,"64,23","148,75"
2022-10-17 00:00:00-0500,"171,67","145,66"
2022-10-18 00:00:00-0500,"128,98","131,47"
2022-10-19 00:00:00-0500,"160,19","128,37"
2022-10-20 00:00:00-0500,"159,92","132,09"
2022-10-21 00:00:00-0500,"174,35","135,97"
2022-10-22 00:00:00-0500,"108,38","138,25"
2022-10-23 00:00:00-0500,"52,30","136,54"
2022-10-24 00:00:00-0500,"93,58","125,39"
2022-10-25 00:00:00-0500,"139,72","126,92"
2022-10-26 00:00:00-0500,"133,39","123,09"
2022-10-27 00:00:00-0500,"180,49","126,03"
2022-10-28 00:00:00-0500,"203,69","130,22"
2022-10-29 00:00:00-0500,"81,26","126,35"
2022-10-30 00:00:00-0500,"51,76","126,27"
2022-10-31 00:00:00-0500,"113,79","129,16"
2022-11-01 00:00:00-0500,"136,88","128,75"
2022-11-02 00:00:00-0500,"150,82","131,24"
2022-11-03 00:00:00-0500,"186,55","132,11"
2022-11-04 00:00:00-0500,"115,89","119,56"
2022-11-05 00:00:00-0500,"95,82","121,64"
2022-11-06 00:00:00-0500,"101,15","128,70"
2022-11-07 00:00:00-0500,"139,72","132,40"
2022-11-08 00:00:00-0500,"225,74","145,10"
2022-11-09 00:00:00-0500,"137,41","143,18"
2022-11-10 00:00:00-0500,"98,15","130,55"
2022-11-11 00:00:00-0500,"111,09","129,87"
2022-11-12 00:00:00-0500,"47,66","122,99"
2022-11-13 00:00:00-0500,"46,01","115,11"
2022-11-14 00:00:00-0500,"188,93","122,14"
2022-11-15 00:00:00-0500,"196,51","117,97"
2022-11-16 00:00:00-0500,"170,58","122,70"
2022-11-17 00:00:00-0500,"153,21","130,57"
2022-11-18 00:00:00-0500,"77,71","125,80"
2022-11-19 00:00:00-0500,"81,97","130,70"
2022-11-20 00:00:00-0500,"60,39","132,76"
2022-11-21 00:00:00-0500,"107,63","121,14"
2022-11-22 00:00:00-0500,"105,25","108,11"
2022-11-23 00:00:00-0500,"105,60","98,82"
2022-11-24 00:00:00-0500,"46,47","83,57"
2022-11-25 00:00:00-0500,"80,51","83,97"
2022-11-26 00:00:00-0500,"94,33","85,74"
2022-11-27 00:00:00-0500,"85,42","89,32"
2022-11-28 00:00:00-0500,"88,00","86,51"
2022-11-29 00:00:00-0500,"100,55","85,84"
2022-11-30 00:00:00-0500,"81,59","82,41"
2022-12-01 00:00:00-0500,"65,95","85,19"
2022-12-02 00:00:00-0500,"109,10","89,28"
2022-12-03 00:00:00-0500,"106,41","91,00"
2022-12-04 00:00:00-0500,"51,62","86,17"
2022-12-05 00:00:00-0500,"98,97","87,74"
2022-12-06 00:00:00-0500,"139,10","93,25"
2022-12-07 00:00:00-0500,"127,41","99,79"
2022-12-08 00:00:00-0500,"140,96","110,51"
2022-12-09 00:00:00-0500,"117,31","111,68"
2022-12-10 00:00:00-0500,"46,73","103,16"
2022-12-11 00:00:00-0500,"18,45","98,42"
2022-12-12 00:00:00-0500,"158,37","106,90"
2022-12-13 00:00:00-0500,"152,63","108,84"
2022-12-14 00:00:00-0500,"133,39","109,69"
2022-12-15 00:00:00-0500,"73,61","100,07"
2022-12-16 00:00:00-0500,"98,80","97,43"
2022-12-17 00:00:00-0500,"74,72","101,42"
2022-12-18 00:00:00-0500,"49,74","105,89"
2022-12-19 00:00:00-0500,"171,46","107,76"
2022-12-20 00:00:00-0500,"132,74","104,92"
2022-12-21 00:00:00-0500,"169,54","110,09"
2022-12-22 00:00:00-0500,"159,00","122,29"
2022-12-23 00:00:00-0500,"114,93","124,59"
2022-12-24 00:00:00-0500,"80,79","125,46"
2022-12-25 00:00:00-0500,"74,16","128,95"
2022-12-26 00:00:00-0500,"64,70","113,70"
2022-12-27 00:00:00-0500,"146,82","115,71"
2022-12-28 00:00:00-0500,"151,89","113,18"
2022-12-29 00:00:00-0500,"116,49","107,11"
2022-12-30 00:00:00-0500,"150,23","112,15"
2022-12-31 00:00:00-0500,"74,58","111,27"
2023-01-01 00:00:00-0500,"34,63","105,62"
2023-01-02 00:00:00-0500,"117,05","113,10"
2023-01-03 00:00:00-0500,"198,45","120,47"
2023-01-04 00:00:00-0500,"94,29","112,24"
2023-01-05 00:00:00-0500,"100,74","109,99"
2023-01-06 00:00:00-0500,"88,73","101,21"
2023-01-07 00:00:00-0500,"88,86","103,25"
2023-01-08 00:00:00-0500,"29,23","102,48"
2023-01-09 00:00:00-0500,"86,13","98,06"
2023-01-10 00:00:00-0500,"114,62","86,08"
2023-01-11 00:00:00-0500,"129,44","91,11"
2023-01-12 00:00:00-0500,"114,45","93,07"
2023-01-13 00:00:00-0500,"103,70","95,20"
2023-01-14 00:00:00-0500,"95,40","96,14"
2023-01-15 00:00:00-0500,"42,61","98,05"
2023-01-16 00:00:00-0500,"107,10","101,05"
2023-01-17 00:00:00-0500,"127,41","102,87"
2023-01-18 00:00:00-0500,"76,78","95,35"
2023-01-19 00:00:00-0500,"115,06","95,44"
2023-01-20 00:00:00-0500,"152,37","102,39"
2023-01-21 00:00:00-0500,"126,19","106,79"
2023-01-22 00:00:00-0500,"41,54","106,64"
2023-01-23 00:00:00-0500,"87,71","103,86"
2023-01-24 00:00:00-0500,"89,98","98,52"
2023-01-25 00:00:00-0500,"110,61","103,35"
2023-01-26 00:00:00-0500,"71,49","97,13"
2023-01-27 00:00:00-0500,"120,77","92,61"
2023-01-28 00:00:00-0500,"82,94","86,43"
2023-01-29 00:00:00-0500,"55,21","88,39"
2023-01-30 00:00:00-0500,"155,17","98,03"
2023-01-31 00:00:00-0500,"148,32","106,36"
2023-02-01 00:00:00-0500,"108,70","106,09"
2023-02-02 00:00:00-0500,"130,60","114,53"
2023-02-03 00:00:00-0500,"116,33","113,90"
2023-02-04 00:00:00-0500,"119,19","119,08"
2023-02-05 00:00:00-0500,"83,86","123,17"
2023-02-06 00:00:00-0500,"112,53","117,08"
2023-02-07 00:00:00-0500,"138,02","115,61"
2023-02-08 00:00:00-0500,"134,98","119,36"
2023-02-09 00:00:00-0500,"169,59","124,93"
2023-02-10 00:00:00-0500,"147,88","129,44"
2023-02-11 00:00:00-0500,"98,81","126,52"
2023-02-12 00:00:00-0500,"75,78","125,37"
2023-02-13 00:00:00-0500,"110,42","125,07"
2023-02-14 00:00:00-0500,"82,67","117,16"
2023-02-15 00:00:00-0500,"119,27","114,92"
2023-02-16 00:00:00-0500,"134,75","109,94"
2023-02-17 00:00:00-0500,"106,10","103,97"
2023-02-18 00:00:00-0500,"86,77","102,25"
2023-02-19 00:00:00-0500,"115,22","107,88"
2023-02-20 00:00:00-0500,"146,03","112,97"
2023-02-21 00:00:00-0500,"174,98","126,16"
2023-02-22 00:00:00-0500,"150,31","130,59"
2023-02-23 00:00:00-0500,"127,87","129,61"
2023-02-24 00:00:00-0500,"110,97","130,31"
2023-02-25 00:00:00-0500,"84,05","129,92"
2023-02-26 00:00:00-0500,"67,60","123,12"
2023-02-27 00:00:00-0500,"125,63","120,20"
2023-02-28 00:00:00-0500,"146,95","116,20"
2023-03-01 00:00:00-0500,"92,77","107,98"
2023-03-02 00:00:00-0500,"121,40","107,05"
2023-03-03 00:00:00-0500,"154,63","113,29"
2023-03-04 00:00:00-0500,"101,26","115,75"
2023-03-05 00:00:00-0500,"60,05","114,67"
2023-03-06 00:00:00-0500,"106,86","111,99"
2023-03-07 00:00:00-0500,"161,43","114,06"
2023-03-08 00:00:00-0500,"125,93","118,79"
2023-03-09 00:00:00-0500,"147,48","122,52"
2023-03-10 00:00:00-0500,"113,44","116,64"
2023-03-11 00:00:00-0500,"84,22","114,20"
2023-03-12 00:00:00-0500,"77,71","116,72"
2023-03-13 00:00:00-0500,"144,30","122,07"
2023-03-14 00:00:00-0500,"117,31","115,77"
2023-03-15 00:00:00-0500,"101,75","112,32"
2023-03-16 00:00:00-0500,"112,81","107,36"
2023-03-17 00:00:00-0500,"85,23","103,33"
2023-03-18 00:00:00-0500,"87,94","103,87"
2023-03-19 00:00:00-0500,"32,06","97,34"
2023-03-20 00:00:00-0500,"94,07","90,17"
2023-03-21 00:00:00-0500,"129,90","91,97"
2023-03-22 00:00:00-0500,"114,43","93,78"
2023-03-23 00:00:00-0500,"100,57","92,03"
2023-03-24 00:00:00-0500,"72,62","90,23"
2023-03-25 00:00:00-0500,"101,61","92,18"
2023-03-26 00:00:00-0500,"31,65","92,12"
2023-03-27 00:00:00-0500,"120,95","95,96"
2023-03-28 00:00:00-0500,"76,76","88,37"
2023-03-29 00:00:00-0500,"79,96","83,45"
2023-03-30 00:00:00-0500,"129,30","87,55"
2023-03-31 00:00:00-0500,"90,45","90,10"
2023-04-01 00:00:00-0500,"52,35","83,06"
2023-04-02 00:00:00-0500,"43,59","84,76"
2023-04-03 00:00:00-0500,"84,60","79,57"
2023-04-04 00:00:00-0500,"119,43","85,67"
2023-04-05 00:00:00-0500,"117,88","91,09"
2023-04-06 00:00:00-0500,"173,69","97,43"
2023-04-07 00:00:00-0500,"169,01","108,65"
2023-04-08 00:00:00-0500,"64,85","110,44"
2023-04-09 00:00:00-0500,"44,02","110,50"
2023-04-10 00:00:00-0500,"142,78","118,81"
2023-04-11 00:00:00-0500,"92,75","115,00"
2023-04-12 00:00:00-0500,"119,43","115,22"
2023-04-13 00:00:00-0500,"126,19","108,43"
2023-04-14 00:00:00-0500,"119,80","101,41"
2023-04-15 00:00:00-0500,"87,31","104,61"
2023-04-16 00:00:00-0500,"42,06","104,33"
2023-04-17 00:00:00-0500,"91,62","97,02"
2023-04-18 00:00:00-0500,"106,86","99,04"
2023-04-19 00:00:00-0500,"158,03","104,55"
2023-04-20 00:00:00-0500,"95,67","100,19"
2023-04-21 00:00:00-0500,"140,05","103,09"
2023-04-22 00:00:00-0500,"70,80","100,73"
2023-04-23 00:00:00-0500,"56,46","102,79"
2023-04-24 00:00:00-0500,"159,47","112,48"
2023-04-25 00:00:00-0500,"180,23","122,96"
2023-04-26 00:00:00-0500,"105,35","115,43"
2023-04-27 00:00:00-0500,"117,88","118,61"
2023-04-28 00:00:00-0500,"117,88","115,44"
2023-04-29 00:00:00-0500,"63,05","114,33"
2023-04-30 00:00:00-0500,"71,35","116,46"
2023-05-01 00:00:00-0500,"104,61","108,62"
2023-05-02 00:00:00-0500,"77,04","93,88"
2023-05-03 00:00:00-0500,"149,53","100,19"
2023-05-04 00:00:00-0500,"118,08","100,22"
2023-05-05 00:00:00-0500,"69,74","93,34"
2023-05-06 00:00:00-0500,"91,45","97,40"
2023-05-07 00:00:00-0500,"42,61","93,29"
2023-05-08 00:00:00-0500,"51,76","85,74"
2023-05-09 00:00:00-0500,"116,35","91,36"
2023-05-10 00:00:00-0500,"118,52","86,93"
2023-05-11 00:00:00-0500,"137,28","89,67"
2023-05-12 00:00:00-0500,"146,22","100,60"
2023-05-13 00:00:00-0500,"88,82","100,22"
2023-05-14 00:00:00-0500,"74,02","104,71"
2023-05-15 00:00:00-0500,"135,87","116,73"
2023-05-16 00:00:00-0500,"137,53","119,75"
2023-05-17 00:00:00-0500,"89,38","115,59"
2023-05-18 00:00:00-0500,"125,22","113,86"
2023-05-19 00:00:00-0500,"160,85","115,96"
2023-05-20 00:00:00-0500,"98,44","117,33"
2023-05-21 00:00:00-0500,"60,23","115,36"
2023-05-22 00:00:00-0500,"78,25","107,13"
2023-05-23 00:00:00-0500,"183,69","113,72"
2023-05-24 00:00:00-0500,"115,22","117,41"
2023-05-25 00:00:00-0500,"106,29","114,71"
2023-05-26 00:00:00-0500,"61,34","100,49"
2023-05-27 00:00:00-0500,"85,71","98,68"
2023-05-28 00:00:00-0500,"36,50","95,29"
2023-05-29 00:00:00-0500,"44,97","90,53"
2023-05-30 00:00:00-0500,"111,29","80,19"
2023-05-31 00:00:00-0500,"219,58","95,10"
2023-06-01 00:00:00-0500,"182,40","105,97"
2023-06-02 00:00:00-0500,"129,57","115,72"
2023-06-03 00:00:00-0500,"119,01","120,48"
2023-06-04 00:00:00-0500,"38,19","120,72"
2023-06-05 00:00:00-0500,"107,09","129,59"
2023-06-06 00:00:00-0500,"133,47","132,76"
2023-06-07 00:00:00-0500,"142,29","121,72"
2023-06-08 00:00:00-0500,"78,74","106,91"
2023-06-09 00:00:00-0500,"96,33","102,16"
2023-06-10 00:00:00-0500,"97,14","99,03"
2023-06-11 00:00:00-0500,"81,29","105,19"
2023-06-12 00:00:00-0500,"65,73","99,28"
2023-06-13 00:00:00-0500,"77,17","91,24"
2023-06-14 00:00:00-0500,"72,13","81,22"
2023-06-15 00:00:00-0500,"158,32","92,59"
2023-06-16 00:00:00-0500,"111,43","94,75"
2023-06-17 00:00:00-0500,"93,10","94,17"
2023-06-18 00:00:00-0500,"84,70","94,66"
2023-06-19 00:00:00-0500,"107,78","100,66"
2023-06-20 00:00:00-0500,"142,78","110,04"
2023-06-21 00:00:00-0500,"127,87","118,00"
2023-06-22 00:00:00-0500,"154,50","117,45"
2023-06-23 00:00:00-0500,"46,41","108,17"
2023-06-24 00:00:00-0500,"105,08","109,88"
2023-06-25 00:00:00-0500,"125,18","115,66"
2023-06-26 00:00:00-0500,"169,51","124,48"
2023-06-27 00:00:00-0500,"118,31","120,98"
2023-06-28 00:00:00-0500,"82,54","114,51"
2023-06-29 00:00:00-0500,"120,90","109,70"
2023-06-30 00:00:00-0500,"102,67","117,74"
2023-07-01 00:00:00-0500,"103,03","117,45"
2023-07-02 00:00:00-0500,"69,43","109,48"
2023-07-03 00:00:00-0500,"45,38","91,75"
2023-07-04 00:00:00-0500,"109,93","90,55"
2023-07-05 00:00:00-0500,"89,85","91,60"
2023-07-06 00:00:00-0500,"172,66","98,99"
2023-07-07 00:00:00-0500,"120,56","101,55"
2023-07-08 00:00:00-0500,"58,68","95,21"
2023-07-09 00:00:00-0500,"75,93","96,14"
2023-07-10 00:00:00-0500,"138,30","109,42"
2023-07-11 00:00:00-0500,"141,35","113,91"
2023-07-12 00:00:00-0500,"203,19","130,10"
2023-07-13 00:00:00-0500,"80,51","116,93"
2023-07-14 00:00:00-0500,"151,37","121,33"
2023-07-15 00:00:00-0500,"65,75","122,34"
2023-07-16 00:00:00-0500,"30,58","115,86"
2023-07-17 00:00:00-0500,"110,85","111,94"
2023-07-18 00:00:00-0500,"151,43","113,38"
2023-07-19 00:00:00-0500,"188,83","111,33"
2023-07-20 00:00:00-0500,"127,64","118,06"
2023-07-21 00:00:00-0500,"112,39","112,50"
2023-07-22 00:00:00-0500,"36,52","108,32"
2023-07-23 00:00:00-0500,"49,44","111,01"
2023-07-24 00:00:00-0500,"143,43","115,67"
2023-07-25 00:00:00-0500,"61,72","102,85"
2023-07-26 00:00:00-0500,"84,08","87,89"
2023-07-27 00:00:00-0500,"132,50","88,58"
2023-07-28 00:00:00-0500,"130,33","91,15"
2023-07-29 00:00:00-0500,"71,89","96,20"
2023-07-30 00:00:00-0500,"10,07","90,57"
2023-07-31 00:00:00-0500,"154,40","92,14"
2023-08-01 00:00:00-0500,"116,91","100,03"
2023-08-02 00:00:00-0500,"132,76","106,98"
2023-08-03 00:00:00-0500,"88,73","100,73"
2023-08-04 00:00:00-0500,"119,37","99,16"
2023-08-05 00:00:00-0500,"97,43","102,81"
2023-08-06 00:00:00-0500,"30,18","105,68"
2023-08-07 00:00:00-0500,"117,57","100,42"
2023-08-08 00:00:00-0500,"108,30","99,19"
2023-08-09 00:00:00-0500,"105,72","95,33"
2023-08-10 00:00:00-0500,"131,01","101,37"
2023-08-11 00:00:00-0500,"142,36","104,65"
2023-08-12 00:00:00-0500,"119,27","107,77"
2023-08-13 00:00:00-0500,"60,70","112,13"
2023-08-14 00:00:00-0500,"114,97","111,76"
2023-08-15 00:00:00-0500,"114,64","112,67"
2023-08-16 00:00:00-0500,"100,02","111,85"
2023-08-17 00:00:00-0500,"116,03","109,71"
2023-08-18 00:00:00-0500,"77,42","100,44"
2023-08-19 00:00:00-0500,"114,05","99,69"
2023-08-20 00:00:00-0500,"43,70","97,26"
2023-08-21 00:00:00-0500,"97,22","94,73"
2023-08-22 00:00:00-0500,"81,10","89,94"
2023-08-23 00:00:00-0500,"126,71","93,75"
2023-08-24 00:00:00-0500,"61,57","85,97"
2023-08-25 00:00:00-0500,"40,26","80,66"
2023-08-26 00:00:00-0500,"85,98","76,65"
2023-08-27 00:00:00-0500,"41,93","76,40"
2023-08-28 00:00:00-0500,"75,44","73,28"
2023-08-29 00:00:00-0500,"115,63","78,22"
2023-08-30 00:00:00-0500,"163,30","83,44"
2023-08-31 00:00:00-0500,"117,42","91,42"
2023-09-01 00:00:00-0500,"73,49","96,17"
2023-09-02 00:00:00-0500,"58,98","92,31"
2023-09-03 00:00:00-0500,"16,36","88,66"
2023-09-04 00:00:00-0500,"100,62","92,26"
2023-09-05 00:00:00-0500,"121,79","93,13"
2023-09-06 00:00:00-0500,"76,63","80,75"
2023-09-07 00:00:00-0500,"80,34","75,46"
2023-09-08 00:00:00-0500,"80,14","76,41"
2023-09-09 00:00:00-0500,"44,43","74,33"
2023-09-10 00:00:00-0500,"16,60","74,36"
2023-09-11 00:00:00-0500,"93,50","73,35"
2023-09-12 00:00:00-0500,"164,97","79,52"
2023-09-13 00:00:00-0500,"134,78","87,82"
2023-09-14 00:00:00-0500,"119,94","93,48"
2023-09-15 00:00:00-0500,"106,68","97,27"
2023-09-16 00:00:00-0500,"79,46","102,28"
2023-09-17 00:00:00-0500,"64,32","109,09"
2023-09-18 00:00:00-0500,"114,69","112,12"
2023-09-19 00:00:00-0500,"207,42","118,19"
2023-09-20 00:00:00-0500,"190,11","126,09"
2023-09-21 00:00:00-0500,"162,91","132,23"
2023-09-22 00:00:00-0500,"131,63","135,79"
2023-09-23 00:00:00-0500,"70,02","134,44"
2023-09-24 00:00:00-0500,"66,42","134,74"
2023-09-25 00:00:00-0500,"109,96","134,07"
2023-09-26 00:00:00-0500,"81,25","116,04"
2023-09-27 00:00:00-0500,"101,47","103,38"
2023-09-28 00:00:00-0500,"64,38","89,30"
2023-09-29 00:00:00-0500,"86,41","82,84"
2023-09-30 00:00:00-0500,"82,56","84,64"
2023-10-01 00:00:00-0500,"38,97","80,71"
2023-10-02 00:00:00-0500,"63,46","74,07"
2023-10-03 00:00:00-0500,"107,05","77,76"
2023-10-04 00:00:00-0500,"61,24","72,01"
2023-10-05 00:00:00-0500,"54,30","70,57"
2023-10-06 00:00:00-0500,"161,31","81,27"
2023-10-07 00:00:00-0500,"54,14","77,21"
2023-10-08 00:00:00-0500,"75,67","82,45"
2023-10-09 00:00:00-0500,"227,07","105,83"
2023-10-10 00:00:00-0500,"259,08","127,55"
2023-10-11 00:00:00-0500,"265,93","156,79"
2023-10-12 00:00:00-0500,"218,01","180,17"
2023-10-13 00:00:00-0500,"287,31","198,17"
2023-10-14 00:00:00-0500,"216,04","221,30"
2023-10-15 00:00:00-0500,"154,47","232,56"
2023-10-16 00:00:00-0500,"290,34","241,60"
2023-10-17 00:00:00-0500,"274,52","243,80"
2023-10-18 00:00:00-0500,"333,01","253,39"
2023-10-19 00:00:00-0500,"338,85","270,65"
2023-10-20 00:00:00-0500,"298,63","272,27"
2023-10-21 00:00:00-0500,"251,52","277,34"
2023-10-22 00:00:00-0500,"105,16","270,29"
2023-10-23 00:00:00-0500,"312,77","273,50"
2023-10-24 00:00:00-0500,"250,01","269,99"
2023-10-25 00:00:00-0500,"208,09","252,15"
2023-10-26 00:00:00-0500,"168,44","227,80"
2023-10-27 00:00:00-0500,"251,86","221,12"
2023-10-28 00:00:00-0500,"173,54","209,98"
2023-10-29 00:00:00-0500,"133,13","213,98"
2023-10-30 00:00:00-0500,"205,43","198,64"
2023-10-31 00:00:00-0500,"172,08","187,51"
2023-11-01 00:00:00-0500,"251,73","193,74"
2023-11-02 00:00:00-0500,"219,58","201,05"
2023-11-03 00:00:00-0500,"174,92","190,06"
2023-11-04 00:00:00-0500,"157,24","187,73"
2023-11-05 00:00:00-0500,"92,95","181,99"
2023-11-06 00:00:00-0500,"182,90","178,77"
2023-11-07 00:00:00-0500,"140,21","174,22"
2023-11-08 00:00:00-0500,"132,50","157,19"
2023-11-09 00:00:00-0500,"201,48","154,60"
2023-11-10 00:00:00-0500,"180,98","155,47"
2023-11-11 00:00:00-0500,"161,46","156,07"
2023-11-12 00:00:00-0500,"128,39","161,13"
2023-11-13 00:00:00-0500,"131,05","153,73"
2023-11-14 00:00:00-0500,"148,23","154,87"
2023-11-15 00:00:00-0500,"130,60","154,60"
2023-11-16 00:00:00-0500,"170,86","150,23"
2023-11-17 00:00:00-0500,"149,48","145,73"
2023-11-18 00:00:00-0500,"111,66","138,61"
2023-11-19 00:00:00-0500,"101,56","134,78"
2023-11-20 00:00:00-0500,"204,90","145,33"
2023-11-21 00:00:00-0500,"96,48","137,94"
2023-11-22 00:00:00-0500,"191,44","146,63"
2023-11-23 00:00:00-0500,"175,45","147,28"
2023-11-24 00:00:00-0500,"152,79","147,76"
2023-11-25 00:00:00-0500,"125,11","149,68"
2023-11-26 00:00:00-0500,"87,87","147,72"
2023-11-27 00:00:00-0500,"166,35","142,21"
2023-11-28 00:00:00-0500,"184,38","154,77"
2023-11-29 00:00:00-0500,"88,78","140,10"
2023-11-30 00:00:00-0500,"178,90","140,60"
2023-12-01 00:00:00-0500,"94,81","132,31"
2023-12-02 00:00:00-0500,"122,12","131,89"
2023-12-03 00:00:00-0500,"110,70","135,15"
2023-12-04 00:00:00-0500,"194,86","139,22"
2023-12-05 00:00:00-0500,"89,69","125,70"
2023-12-06 00:00:00-0500,"131,24","131,76"
2023-12-07 00:00:00-0500,"194,16","133,94"
2023-12-08 00:00:00-0500,"153,52","142,33"
2023-12-09 00:00:00-0500,"106,34","140,07"
2023-12-10 00:00:00-0500,"124,12","141,99"
2023-12-11 00:00:00-0500,"153,77","136,12"
2023-12-12 00:00:00-0500,"167,42","147,23"
2023-12-13 00:00:00-0500,"192,79","156,02"
2023-12-14 00:00:00-0500,"148,68","149,52"
2023-12-15 00:00:00-0500,"169,26","151,77"
2023-12-16 00:00:00-0500,"104,33","151,48"
2023-12-17 00:00:00-0500,"90,89","146,74"
2023-12-18 00:00:00-0500,"144,02","145,34"
2023-12-19 00:00:00-0500,"187,76","148,25"
2023-12-20 00:00:00-0500,"143,77","141,25"
2023-12-21 00:00:00-0500,"114,02","136,29"
2023-12-22 00:00:00-0500,"89,37","124,88"
2023-12-23 00:00:00-0500,"150,30","131,45"
2023-12-24 00:00:00-0500,"52,92","126,02"
2023-12-25 00:00:00-0500,"136,40","124,93"
2023-12-26 00:00:00-0500,"139,57","118,05"
2023-12-27 00:00:00-0500,"180,18","123,25"
2023-12-28 00:00:00-0500,"122,69","124,49"
2023-12-29 00:00:00-0500,"221,28","143,33"
2023-12-30 00:00:00-0500,"190,98","149,15"
2023-12-31 00:00:00-0500,"110,09","157,31"
2024-01-01 00:00:00-0500,"167,60","161,77"
2024-01-02 00:00:00-0500,"131,12","160,56"
2024-01-03 00:00:00-0500,"142,90","155,24"
2024-01-04 00:00:00-0500,"180,69","163,52"
2024-01-05 00:00:00-0500,"167,49","155,84"
2024-01-06 00:00:00-0500,"131,24","147,30"
2024-01-07 00:00:00-0500,"89,05","144,30"
2024-01-08 00:00:00-0500,"106,63","135,59"
2024-01-09 00:00:00-0500,"241,27","151,32"
2024-01-10 00:00:00-0500,"118,10","147,78"
2024-01-11 00:00:00-0500,"165,31","145,58"
2024-01-12 00:00:00-0500,"210,59","151,74"
2024-01-13 00:00:00-0500,"160,03","155,85"
2024-01-14 00:00:00-0500,"107,43","158,48"
2024-01-15 00:00:00-0500,"106,40","158,45"
2024-01-16 00:00:00-0500,"193,39","151,61"
2024-01-17 00:00:00-0500,"176,20","159,91"
2024-01-18 00:00:00-0500,"167,49","160,22"
2024-01-19 00:00:00-0500,"207,41","159,76"
2024-01-20 00:00:00-0500,"83,86","148,88"
2024-01-21 00:00:00-0500,"70,11","143,55"
2024-01-22 00:00:00-0500,"186,62","155,01"
2024-01-23 00:00:00-0500,"169,07","151,54"
2024-01-24 00:00:00-0500,"159,14","149,10"
2024-01-25 00:00:00-0500,"202,29","154,07"
2024-01-26 00:00:00-0500,"141,32","144,63"
2024-01-27 00:00:00-0500,"173,81","157,48"
2024-01-28 00:00:00-0500,"152,74","169,29"
2024-01-29 00:00:00-0500,"140,53","162,70"
2024-01-30 00:00:00-0500,"206,28","168,02"
2024-01-31 00:00:00-0500,"205,61","174,65"
2024-02-01 00:00:00-0500,"147,50","166,83"
2024-02-02 00:00:00-0500,"171,52","171,14"
2024-02-03 00:00:00-0500,"96,80","160,14"
2024-02-04 00:00:00-0500,"85,67","150,56"
2024-02-05 00:00:00-0500,"125,88","148,46"
2024-02-06 00:00:00-0500,"118,75","135,96"
2024-02-07 00:00:00-0500,"100,38","120,93"
2024-02-08 00:00:00-0500,"116,23","116,46"
2024-02-09 00:00:00-0500,"194,53","119,75"
2024-02-10 00:00:00-0500,"98,50","119,99"
2024-02-11 00:00:00-0500,"86,26","120,08"
2024-02-12 00:00:00-0500,"156,39","124,43"
2024-02-13 00:00:00-0500,"187,86","134,31"
2024-02-14 00:00:00-0500,"135,81","139,37"
2024-02-15 00:00:00-0500,"214,81","153,45"
2024-02-16 00:00:00-0500,"160,93","148,65"
2024-02-17 00:00:00-0500,"87,03","147,01"
2024-02-18 00:00:00-0500,"78,66","145,93"
2024-02-19 00:00:00-0500,"167,82","147,56"
2024-02-20 00:00:00-0500,"170,21","145,04"
2024-02-21 00:00:00-0500,"193,75","153,32"
2024-02-22 00:00:00-0500,"219,58","154,00"
2024-02-23 00:00:00-0500,"167,07","154,88"
2024-02-24 00:00:00-0500,"111,12","158,32"
2024-02-25 00:00:00-0500,"87,17","159,53"
2024-02-26 00:00:00-0500,"200,97","164,27"
2024-02-27 00:00:00-0500,"166,86","163,79"
2024-02-28 00:00:00-0500,"177,46","161,46"
2024-02-29 00:00:00-0500,"153,25","151,99"
2024-03-01 00:00:00-0500,"155,18","150,29"
2024-03-02 00:00:00-0500,"82,69","146,23"
2024-03-03 00:00:00-0500,"80,36","145,25"
2024-03-04 00:00:00-0500,"170,75","140,94"
2024-03-05 00:00:00-0500,"83,46","129,02"
2024-03-06 00:00:00-0500,"108,02","119,10"
2024-03-07 00:00:00-0500,"122,23","114,67"
2024-03-08 00:00:00-0500,"183,72","118,75"
2024-03-09 00:00:00-0500,"89,67","119,74"
2024-03-10 00:00:00-0500,"98,22","122,30"
2024-03-11 00:00:00-0500,"155,81","120,16"
2024-03-12 00:00:00-0500,"199,55","136,75"
2024-03-13 00:00:00-0500,"149,75","142,71"
2024-03-14 00:00:00-0500,"187,15","151,98"
2024-03-15 00:00:00-0500,"138,02","145,45"
2024-03-16 00:00:00-0500,"126,56","150,72"
2024-03-17 00:00:00-0500,"69,19","146,58"
2024-03-18 00:00:00-0500,"147,65","145,41"
2024-03-19 00:00:00-0500,"183,30","143,09"
2024-03-20 00:00:00-0500,"116,03","138,27"
2024-03-21 00:00:00-0500,"130,51","130,18"
2024-03-22 00:00:00-0500,"125,00","128,32"
2024-03-23 00:00:00-0500,"107,03","125,53"
2024-03-24 00:00:00-0500,"66,42","125,14"
2024-03-25 00:00:00-0500,"187,99","130,90"
2024-03-26 00:00:00-0500,"165,63","128,37"
2024-03-27 00:00:00-0500,"126,74","129,90"
2024-03-28 00:00:00-0500,"99,63","125,49"
2024-03-29 00:00:00-0500,"126,19","125,66"
2024-03-30 00:00:00-0500,"161,59","133,46"
2024-03-31 00:00:00-0500,"119,95","141,10"
2024-04-01 00:00:00-0500,"123,22","131,85"
2024-04-02 00:00:00-0500,"197,96","136,47"
2024-04-03 00:00:00-0500,"181,87","144,34"
2024-04-04 00:00:00-0500,"160,98","153,11"
2024-04-05 00:00:00-0500,"142,05","155,38"
2024-04-06 00:00:00-0500,"130,30","150,91"
2024-04-07 00:00:00-0500,"69,74","143,73"
2024-04-08 00:00:00-0500,"126,33","144,17"
2024-04-09 00:00:00-0500,"171,76","140,43"
2024-04-10 00:00:00-0500,"208,52","144,24"
2024-04-11 00:00:00-0500,"123,34","138,86"
2024-04-12 00:00:00-0500,"161,33","141,62"
2024-04-13 00:00:00-0500,"130,12","141,59"
2024-04-14 00:00:00-0500,"137,64","151,29"
2024-04-15 00:00:00-0500,"230,79","166,22"
2024-04-16 00:00:00-0500,"340,54","190,33"
2024-04-17 00:00:00-0500,"227,50","193,04"
2024-04-18 00:00:00-0500,"149,44","196,77"
2024-04-19 00:00:00-0500,"208,12","203,45"
2024-04-20 00:00:00-0500,"134,36","204,06"
2024-04-21 00:00:00-0500,"70,48","194,46"
2024-04-22 00:00:00-0500,"162,91","184,77"
2024-04-23 00:00:00-0500,"148,32","157,31"
2024-04-24 00:00:00-0500,"139,23","144,70"
2024-04-25 00:00:00-0500,"172,40","147,98"
2024-04-26 00:00:00-0500,"150,83","139,79"
2024-04-27 00:00:00-0500,"154,33","142,65"
2024-04-28 00:00:00-0500,"106,33","147,77"
2024-04-29 00:00:00-0500,"191,11","151,79"
2024-04-30 00:00:00-0500,"167,80","154,58"
2024-05-01 00:00:00-0500,"130,76","153,37"
2024-05-02 00:00:00-0500,"137,77","148,42"
2024-05-03 00:00:00-0500,"110,42","142,65"
2024-05-04 00:00:00-0500,"86,46","132,95"
2024-05-05 00:00:00-0500,"68,83","127,59"
2024-05-06 00:00:00-0500,"93,62","113,67"
2024-05-07 00:00:00-0500,"176,27","114,88"
2024-05-08 00:00:00-0500,"163,58","119,56"
2024-05-09 00:00:00-0500,"145,40","120,65"
2024-05-10 00:00:00-0500,"185,28","131,35"
2024-05-11 00:00:00-0500,"106,00","134,14"
2024-05-12 00:00:00-0500,"54,01","132,02"
2024-05-13 00:00:00-0500,"177,11","143,95"
2024-05-14 00:00:00-0500,"154,67","140,86"
2024-05-15 00:00:00-0500,"129,21","135,95"
2024-05-16 00:00:00-0500,"124,90","133,03"
2024-05-17 00:00:00-0500,"181,66","132,51"
2024-05-18 00:00:00-0500,"110,92","133,21"
2024-05-19 00:00:00-0500,"94,89","139,05"
2024-05-20 00:00:00-0500,"135,08","133,05"
2024-05-21 00:00:00-0500,"165,28","134,56"
2024-05-22 00:00:00-0500,"140,05","136,11"
2024-05-23 00:00:00-0500,"101,83","132,82"
2024-05-24 00:00:00-0500,"116,64","123,53"
2024-05-25 00:00:00-0500,"91,42","120,74"
2024-05-26 00:00:00-0500,"121,31","124,52"
2024-05-27 00:00:00-0500,"145,43","125,99"
2024-05-28 00:00:00-0500,"143,46","122,88"
2024-05-29 00:00:00-0500,"135,44","122,22"
2024-05-30 00:00:00-0500,"93,58","121,04"
2024-05-31 00:00:00-0500,"156,50","126,73"
2024-06-01 00:00:00-0500,"121,19","130,99"
2024-06-02 00:00:00-0500,"90,02","126,52"
2024-06-03 00:00:00-0500,"111,11","121,61"
2024-06-04 00:00:00-0500,"104,09","115,99"
2024-06-05 00:00:00-0500,"119,32","113,69"
2024-06-06 00:00:00-0500,"115,91","116,88"
2024-06-07 00:00:00-0500,"122,69","112,05"
2024-06-08 00:00:00-0500,"66,66","104,26"
2024-06-09 00:00:00-0500,"92,95","104,68"
2024-06-10 00:00:00-0500,"107,29","104,13"
2024-06-11 00:00:00-0500,"121,79","106,66"
2024-06-12 00:00:00-0500,"117,68","106,42"
2024-06-13 00:00:00-0500,"133,47","108,93"
2024-06-14 00:00:00-0500,"90,14","104,28"
2024-06-15 00:00:00-0500,"109,90","110,46"
2024-06-16 00:00:00-0500,"102,35","111,80"
2024-06-17 00:00:00-0500,"120,95","113,75"
2024-06-18 00:00:00-0500,"142,94","116,78"
2024-06-19 00:00:00-0500,"114,89","116,38"
2024-06-20 00:00:00-0500,"177,01","122,60"
2024-06-21 00:00:00-0500,"128,30","128,05"
2024-06-22 00:00:00-0500,"64,95","121,63"
2024-06-23 00:00:00-0500,"85,16","119,17"
2024-06-24 00:00:00-0500,"212,61","132,27"
2024-06-25 00:00:00-0500,"109,99","127,56"
2024-06-26 00:00:00-0500,"128,58","129,51"
2024-06-27 00:00:00-0500,"120,68","121,47"
2024-06-28 00:00:00-0500,"121,46","120,49"
2024-06-29 00:00:00-0500,"42,54","117,29"
2024-06-30 00:00:00-0500,"46,92","111,82"
2024-07-01 00:00:00-0500,"71,45","91,66"
2024-07-02 00:00:00-0500,"79,60","87,32"
2024-07-03 00:00:00-0500,"107,82","84,35"
2024-07-04 00:00:00-0500,"90,28","80,01"
2024-07-05 00:00:00-0500,"73,11","73,10"
2024-07-06 00:00:00-0500,"87,63","79,55"
2024-07-07 00:00:00-0500,"94,92","86,40"
2024-07-08 00:00:00-0500,"89,18","88,94"
2024-07-09 00:00:00-0500,"90,05","90,43"
2024-07-10 00:00:00-0500,"124,67","92,83"
2024-07-11 00:00:00-0500,"127,85","98,20"
2024-07-12 00:00:00-0500,"86,32","100,09"
2024-07-13 00:00:00-0500,"31,75","92,11"
2024-07-14 00:00:00-0500,"45,01","84,98"
2024-07-15 00:00:00-0500,"67,88","81,93"
2024-07-16 00:00:00-0500,"68,24","78,82"
2024-07-17 00:00:00-0500,"105,26","76,04"
2024-07-18 00:00:00-0500,"133,52","76,85"
2024-07-19 00:00:00-0500,"143,77","85,06"
2024-07-20 00:00:00-0500,"79,50","91,88"
2024-07-21 00:00:00-0500,"81,29","97,07"
2024-07-22 00:00:00-0500,"130,04","105,95"
2024-07-23 00:00:00-0500,"36,47","101,41"
2024-07-24 00:00:00-0500,"78,87","97,64"
2024-07-25 00:00:00-0500,"91,54","91,64"
2024-07-26 00:00:00-0500,"95,77","84,78"
2024-07-27 00:00:00-0500,"81,65","85,09"
2024-07-28 00:00:00-0500,"105,16","88,50"
2024-07-29 00:00:00-0500,"124,38","87,69"
2024-07-30 00:00:00-0500,"107,07","97,78"
2024-07-31 00:00:00-0500,"112,86","102,63"
2024-08-01 00:00:00-0500,"133,20","108,59"
2024-08-02 00:00:00-0500,"191,22","122,22"
2024-08-03 00:00:00-0500,"92,18","123,72"
2024-08-04 00:00:00-0500,"76,25","119,59"
2024-08-05 00:00:00-0500,"187,00","128,54"
2024-08-06 00:00:00-0500,"131,50","132,03"
2024-08-07 00:00:00-0500,"172,72","140,58"
2024-08-08 00:00:00-0500,"174,67","146,51"
2024-08-09 00:00:00-0500,"151,34","140,81"
2024-08-10 00:00:00-0500,"122,04","145,07"
2024-08-11 00:00:00-0500,"61,83","143,02"
2024-08-12 00:00:00-0500,"118,31","133,20"
2024-08-13 00:00:00-0500,"151,60","136,07"
2024-08-14 00:00:00-0500,"175,77","136,51"
2024-08-15 00:00:00-0500,"133,26","130,59"
2024-08-16 00:00:00-0500,"118,94","125,97"
2024-08-17 00:00:00-0500,"131,07","127,26"
2024-08-18 00:00:00-0500,"72,21","128,74"
2024-08-19 00:00:00-0500,"136,53","131,34"
2024-08-20 00:00:00-0500,"151,47","131,32"
2024-08-21 00:00:00-0500,"140,69","126,31"
2024-08-22 00:00:00-0500,"184,37","133,61"
2024-08-23 00:00:00-0500,"143,76","137,16"
2024-08-24 00:00:00-0500,"87,32","130,91"
2024-08-25 00:00:00-0500,"110,73","136,41"
2024-08-26 00:00:00-0500,"176,03","142,05"
2024-08-27 00:00:00-0500,"174,35","145,32"
2024-08-28 00:00:00-0500,"156,19","147,54"
2024-08-29 00:00:00-0500,"132,50","140,13"
2024-08-30 00:00:00-0500,"166,55","143,38"
2024-08-31 00:00:00-0500,"124,58","148,70"
2024-09-01 00:00:00-0500,"113,67","149,12"
2024-09-02 00:00:00-0500,"145,51","144,76"
2024-09-03 00:00:00-0500,"171,23","144,32"
2024-09-04 00:00:00-0500,"180,32","147,77"
2024-09-05 00:00:00-0500,"141,97","149,12"
2024-09-06 00:00:00-0500,"100,38","139,66"
2024-09-07 00:00:00-0500,"90,48","134,79"
2024-09-08 00:00:00-0500,"119,83","135,67"
2024-09-09 00:00:00-0500,"146,76","135,85"
2024-09-10 00:00:00-0500,"97,61","125,34"
2024-09-11 00:00:00-0500,"212,91","129,99"
2024-09-12 00:00:00-0500,"103,11","124,44"
2024-09-13 00:00:00-0500,"185,64","136,62"
2024-09-14 00:00:00-0500,"100,38","138,04"
2024-09-15 00:00:00-0500,"55,87","128,90"
2024-09-16 00:00:00-0500,"88,97","120,64"
2024-09-17 00:00:00-0500,"100,79","121,10"
2024-09-18 00:00:00-0500,"122,01","108,11"
2024-09-19 00:00:00-0500,"93,75","106,77"
2024-09-20 00:00:00-0500,"175,54","105,33"
2024-09-21 00:00:00-0500,"90,29","103,89"
2024-09-22 00:00:00-0500,"8,95","97,19"
2024-09-23 00:00:00-0500,"158,10","107,06"
2024-09-24 00:00:00-0500,"161,12","115,68"
2024-09-25 00:00:00-0500,"175,30","123,29"
2024-09-26 00:00:00-0500,"234,46","143,39"
2024-09-27 00:00:00-0500,"134,85","137,58"
2024-09-28 00:00:00-0500,"66,58","134,20"
2024-09-29 00:00:00-0500,"102,35","147,54"
2024-09-30 00:00:00-0500,"160,49","147,88"
2024-10-01 00:00:00-0500,"135,87","144,27"
2024-10-02 00:00:00-0500,"178,71","144,76"
2024-10-03 00:00:00-0500,"237,06","145,13"
2024-10-04 00:00:00-0500,"144,28","146,48"
2024-10-05 00:00:00-0500,"72,46","147,32"
2024-10-06 00:00:00-0500,"89,29","145,45"
2024-10-07 00:00:00-0500,"80,63","134,04"
2024-10-08 00:00:00-0500,"98,39","128,69"
2024-10-09 00:00:00-0500,"137,03","122,73"
2024-10-10 00:00:00-0500,"119,59","105,95"
2024-10-11 00:00:00-0500,"157,45","107,83"
2024-10-12 00:00:00-0500,"96,02","111,20"
2024-10-13 00:00:00-0500,"52,17","105,90"
2024-10-14 00:00:00-0500,"151,47","116,02"
2024-10-15 00:00:00-0500,"125,71","119,92"
2024-10-16 00:00:00-0500,"117,64","117,15"
2024-10-17 00:00:00-0500,"104,24","114,96"
2024-10-18 00:00:00-0500,"124,89","110,31"
2024-10-19 00:00:00-0500,"72,25","106,91"
2024-10-20 00:00:00-0500,"78,04","110,61"
2024-10-21 00:00:00-0500,"119,06","105,98"
2024-10-22 00:00:00-0500,"214,58","118,67"
2024-10-23 00:00:00-0500,"215,88","132,71"
2024-10-24 00:00:00-0500,"136,47","137,31"
2024-10-25 00:00:00-0500,"170,63","143,84"
2024-10-26 00:00:00-0500,"114,40","149,87"
2024-10-27 00:00:00-0500,"95,39","152,34"
2024-10-28 00:00:00-0500,"145,17","156,07"
2024-10-29 00:00:00-0500,"161,12","148,44"
2024-10-30 00:00:00-0500,"134,46","136,81"
2024-10-31 00:00:00-0500,"134,37","136,51"
2024-11-01 00:00:00-0500,"131,07","130,85"
2024-11-02 00:00:00-0500,"79,76","125,91"
2024-11-03 00:00:00-0500,"101,41","126,76"
2024-11-04 00:00:00-0500,"114,69","122,41"
2024-11-05 00:00:00-0500,"57,55","107,62"
2024-11-06 00:00:00-0500,"120,14","105,57"
2024-11-07 00:00:00-0500,"98,97","100,51"
2024-11-08 00:00:00-0500,"109,08","97,37"
2024-11-09 00:00:00-0500,"77,40","97,03"
2024-11-10 00:00:00-0500,"54,01","90,26"
2024-11-11 00:00:00-0500,"154,23","95,91"
2024-11-12 00:00:00-0500,"106,86","102,96"
2024-11-13 00:00:00-0500,"116,99","102,50"
2024-11-14 00:00:00-0500,"58,84","96,77"
2024-11-15 00:00:00-0500,"97,91","95,17"
2024-11-16 00:00:00-0500,"97,11","97,99"
2024-11-17 00:00:00-0500,"24,72","93,81"
2024-11-18 00:00:00-0500,"245,91","106,90"
2024-11-19 00:00:00-0500,"197,48","119,85"
2024-11-20 00:00:00-0500,"195,53","131,07"
2024-11-21 00:00:00-0500,"194,50","150,45"
2024-11-22 00:00:00-0500,"96,93","150,31"
2024-11-23 00:00:00-0500,"183,45","162,65"
2024-11-24 00:00:00-0500,"85,60","171,34"
2024-11-25 00:00:00-0500,"123,71","153,88"
2024-11-26 00:00:00-0500,"169,26","149,85"
2024-11-27 00:00:00-0500,"199,63","150,44"
2024-11-28 00:00:00-0500,"176,28","147,83"
2024-11-29 00:00:00-0500,"226,97","166,41"
2024-11-30 00:00:00-0500,"106,14","155,37"
2024-12-01 00:00:00-0500,"184,54","169,50"
2024-12-02 00:00:00-0500,"197,00","179,97"
2024-12-03 00:00:00-0500,"165,63","179,46"
2024-12-04 00:00:00-0500,"137,17","170,53"
2024-12-05 00:00:00-0500,"127,92","163,62"
2024-12-06 00:00:00-0500,"150,85","152,75"
2024-12-07 00:00:00-0500,"146,14","158,46"
2024-12-08 00:00:00-0500,"66,42","141,59"
2024-12-09 00:00:00-0500,"172,08","138,03"
2024-12-10 00:00:00-0500,"189,81","141,48"
2024-12-11 00:00:00-0500,"153,94","143,88"
2024-12-12 00:00:00-0500,"233,83","159,01"
2024-12-13 00:00:00-0500,"191,75","164,85"
2024-12-14 00:00:00-0500,"102,27","158,59"
2024-12-15 00:00:00-0500,"64,41","158,30"
2024-12-16 00:00:00-0500,"187,50","160,50"
2024-12-17 00:00:00-0500,"133,57","152,47"
2024-12-18 00:00:00-0500,"176,00","155,62"
2024-12-19 00:00:00-0500,"152,89","144,06"
2024-12-20 00:00:00-0500,"128,64","135,04"
2024-12-21 00:00:00-0500,"89,53","133,22"
2024-12-22 00:00:00-0500,"37,22","129,34"
2024-12-23 00:00:00-0500,"146,57","123,49"
2024-12-24 00:00:00-0500,"143,70","124,94"
2024-12-25 00:00:00-0500,"120,77","117,05"
2024-12-26 00:00:00-0500,"124,00","112,92"
2024-12-27 00:00:00-0500,"168,56","118,62"
2024-12-28 00:00:00-0500,"106,21","121,00"
2024-12-29 00:00:00-0500,"79,41","127,03"
2024-12-30 00:00:00-0500,"108,20","121,55"
2024-12-31 00:00:00-0500,"63,55","110,10"
2025-01-01 00:00:00-0500,"113,51","109,06"
2025-01-02 00:00:00-0500,"198,89","119,76"
2025-01-03 00:00:00-0500,"138,02","115,40"
2025-01-04 00:00:00-0500,"70,36","110,28"
2025-01-05 00:00:00-0500,"48,29","105,83"
2025-01-06 00:00:00-0500,"98,32","104,42"
2025-01-07 00:00:00-0500,"118,53","112,27"
2025-01-08 00:00:00-0500,"70,75","106,17"
2025-01-09 00:00:00-0500,"124,30","95,51"
2025-01-10 00:00:00-0500,"65,77","85,19"
2025-01-11 00:00:00-0500,"77,55","86,22"
2025-01-12 00:00:00-0500,"91,76","92,43"
2025-01-13 00:00:00-0500,"110,42","94,16"
2025-01-14 00:00:00-0500,"151,23","98,83"
2025-01-15 00:00:00-0500,"175,72","113,82"
2025-01-16 00:00:00-0500,"89,36","108,83"
2025-01-17 00:00:00-0500,"78,01","110,58"
2025-01-18 00:00:00-0500,"94,83","113,05"
2025-01-19 00:00:00-0500,"77,04","110,94"
2025-01-20 00:00:00-0500,"180,97","121,02"
2025-01-21 00:00:00-0500,"55,32","107,32"
2025-01-22 00:00:00-0500,"175,03","107,22"
2025-01-23 00:00:00-0500,"133,30","113,50"
2025-01-24 00:00:00-0500,"155,18","124,52"
2025-01-25 00:00:00-0500,"103,95","125,83"
2025-01-26 00:00:00-0500,"120,77","132,08"
2025-01-27 00:00:00-0500,"218,83","137,48"
2025-01-28 00:00:00-0500,"184,79","155,98"
2025-01-29 00:00:00-0500,"111,11","146,85"
2025-01-30 00:00:00-0500,"140,82","147,92"
2025-01-31 00:00:00-0500,"127,41","143,95"
2025-02-01 00:00:00-0500,"77,04","140,11"
2025-02-02 00:00:00-0500,"71,05","133,01"
2025-02-03 00:00:00-0500,"174,73","126,71"
2025-02-04 00:00:00-0500,"140,69","120,41"
2025-02-05 00:00:00-0500,"168,88","128,66"
2025-02-06 00:00:00-0500,"161,26","131,58"
2025-02-07 00:00:00-0500,"140,07","133,39"
2025-02-08 00:00:00-0500,"168,58","146,46"
2025-02-09 00:00:00-0500,"0,00","136,31"
2025-02-10 00:00:00-0500,"81,36","122,98"
